T_H,theta,jz_mean,jz_var,d_jz_analytical,d_jz_numerical,delta_theta_analytical,delta_theta_numerical,delta_theta_theory,is_fringe_extremum,abs_sin
0.1,1,-0.4975020826,0.00249167777,0.004991670832,0.004991670799,10,10.00000007,10,False,0.09983341665
0.1013939458,1,-0.4974320181,0.002561387336,0.005131562858,0.005131562841,9.862521795,9.862521826,9.862521795,False,0.1012203011
0.1028073224,1,-0.4973599901,0.002633040238,0.005275368431,0.005275368364,9.726933615,9.726933738,9.726933615,False,0.102626317
0.1042404007,1,-0.4972859436,0.002706690255,0.00542319664,0.005423196697,9.593209478,9.593209376,9.593209478,False,0.1040517228
0.1056934554,1,-0.4972098223,0.002782392635,0.005575159591,0.005575159612,9.461323756,9.461323721,9.461323756,False,0.1054967798
0.1071667648,1,-0.497131568,0.00286020413,0.005731372492,0.005731372488,9.331251175,9.331251182,9.331251175,False,0.1069617526
0.1086606114,1,-0.4970511211,0.002940183033,0.005891953733,0.005891953786,9.202966809,9.202966726,9.202966809,False,0.1084469093
0.1101752814,1,-0.4969684203,0.003022389227,0.006057024978,0.006057024993,9.076446073,9.076446051,9.076446073,False,0.1099525211
0.1117110651,1,-0.4968834026,0.003106884215,0.00622671125,0.006226711285,8.951664721,8.95166467,8.951664721,False,0.1114788628
0.1132682567,1,-0.4967960032,0.003193731175,0.006401141023,0.006401141006,8.828598841,8.828598865,8.828598841,False,0.1130262124
0.1148471548,1,-0.4967061556,0.003282994993,0.006580446319,0.006580446327,8.707224849,8.707224839,8.707224849,False,0.1145948514
0.1164480618,1,-0.4966137913,0.003374742313,0.006764762797,0.00676476275,8.587519485,8.587519545,8.587519485,False,0.1161850647
0.1180712847,1,-0.4965188399,0.003469041582,0.006954229859,0.006954229831,8.469459808,8.469459842,8.469459808,False,0.1177971406
0.1197171343,1,-0.4964212293,0.003565963097,0.007148990745,0.007148990733,8.353023195,8.35302321,8.353023195,False,0.119431371
0.1213859263,1,-0.4963208851,0.003665579051,0.007349192642,0.007349192671,8.238187331,8.238187299,8.238187331,False,0.1210880514
0.1230779803,1,-0.4962177309,0.003767963583,0.007554986786,0.007554986803,8.124930211,8.124930193,8.124930211,False,0.1227674808
0.1247936205,1,-0.4961116882,0.00387319283,0.007766528574,0.007766528642,8.013230128,8.013230058,8.013230128,False,0.1244699615
0.1265331759,1,-0.4960026764,0.003981344975,0.007983977672,0.007983977646,7.903065679,7.903065705,7.903065679,False,0.1261957998
0.1282969798,1,-0.4958906126,0.0040925003,0.008207498137,0.008207498126,7.79441575,7.794415761,7.79441575,False,0.1279453055
0.1300853701,1,-0.4957754116,0.004206741243,0.008437258527,0.008437258503,7.687259522,7.687259543,7.687259522,False,0.1297187919
0.1318986896,1,-0.4956569858,0.004324152447,0.008673432025,0.008673432,7.581576458,7.581576479,7.581576458,False,0.1315165761
0.1337372858,1,-0.4955352451,0.004444820822,0.008916196565,0.008916196531,7.477346305,7.477346333,7.477346305,False,0.1333389789
0.1356015111,1,-0.4954100972,0.004568835598,0.009165734954,0.009165734866,7.37454909,7.374549161,7.37454909,False,0.1351863247
0.1374917226,1,-0.4952814469,0.004696288386,0.009422235006,0.009422235048,7.273165113,7.273165081,7.273165113,False,0.1370589419
0.1394082826,1,-0.4951491965,0.004827273235,0.009685889674,0.009685889618,7.173174944,7.173174986,7.173174944,False,0.1389571622
0.1413515585,1,-0.4950132456,0.004961886695,0.009956897186,0.009956897168,7.074559423,7.074559436,7.074559423,False,0.1408813216
0.1433219226,1,-0.494873491,0.005100227881,0.01023546119,0.01023546128,6.97729965,6.977299583,6.97729965,False,0.1428317595
0.1453197524,1,-0.4947298267,0.005242398532,0.01052179088,0.01052179091,6.881376986,6.881376966,6.881376986,False,0.1448088192
0.147345431,1,-0.4945821438,0.00538850308,0.01081610118,0.01081610113,6.786773051,6.786773082,6.786773051,False,0.1468128479
0.1493993464,1,-0.4944303301,0.005538648716,0.01111861284,0.01111861278,6.693469713,6.69346975,6.693469713,False,0.1488441966
0.1514818922,1,-0.4942742706,0.005692945454,0.01142955266,0.01142955261,6.601449093,6.60144912,6.601449093,False,0.15090322
0.1535934677,1,-0.494113847,0.005851506204,0.01174915357,0.01174915351,6.510693555,6.510693588,6.510693555,False,0.1529902769
0.1557344773,1,-0.4939489378,0.00601444684,0.01207765486,0.01207765485,6.421185709,6.421185717,6.421185709,False,0.1551057296
0.1579053314,1,-0.4937794181,0.006181886274,0.01241530232,0.01241530231,6.3329084,6.332908402,6.3329084,False,0.1572499447
0.1601064461,1,-0.4936051595,0.006353946527,0.01276234838,0.01276234837,6.245844712,6.245844714,6.245844712,False,0.1594232922
0.1623382432,1,-0.4934260301,0.006530752802,0.01311905233,0.01311905229,6.15997796,6.15997798,6.15997796,False,0.1616261464
0.1646011502,1,-0.4932418944,0.006712433565,0.01348568049,0.01348568046,6.075291689,6.075291702,6.075291689,False,0.1638588852
0.166895601,1,-0.4930526132,0.006899120616,0.01386250637,0.01386250634,5.991769669,5.991769682,5.991769669,False,0.1661218904
0.1692220352,1,-0.4928580433,0.007090949173,0.01424981086,0.01424981091,5.909395895,5.909395874,5.909395895,False,0.1684155477
0.1715808986,1,-0.4926580376,0.007288057947,0.01464788246,0.01464788249,5.828154581,5.82815457,5.828154581,False,0.1707402465
0.1739726432,1,-0.4924524452,0.007490589228,0.01505701742,0.01505701747,5.748030158,5.74803014,5.748030158,False,0.1730963804
0.1763977275,1,-0.4922411107,0.007698688964,0.01547751997,0.0154775199,5.669007271,5.669007294,5.669007271,False,0.1754843465
0.1788566162,1,-0.4920238746,0.007912506845,0.01590970252,0.01590970258,5.591070777,5.591070756,5.591070777,False,0.1779045457
0.1813497804,1,-0.491800573,0.008132196391,0.01635388589,0.01635388594,5.514205739,5.514205723,5.514205739,False,0.1803573829
0.183877698,1,-0.4915710376,0.008357915035,0.01681039948,0.01681039949,5.438397428,5.438397425,5.438397428,False,0.1828432666
0.1864408534,1,-0.4913350952,0.008589824216,0.01727958152,0.01727958149,5.363631317,5.363631326,5.363631317,False,0.1853626091
0.1890397378,1,-0.4910925682,0.008828089461,0.01776177928,0.0177617793,5.289893076,5.289893071,5.289893076,False,0.1879158265
0.1916748492,1,-0.4908432739,0.009072880479,0.01825734932,0.01825734924,5.217168576,5.217168599,5.217168576,False,0.1905033383
0.1943466927,1,-0.4905870246,0.009324371255,0.0187666577,0.0187666577,5.145443878,5.14544388,5.145443878,False,0.193125568
0.1970557802,1,-0.4903236277,0.009582740135,0.01929008023,0.0192900802,5.074705239,5.074705247,5.074705239,False,0.1957829424
0.1998026309,1,-0.490052885,0.009848169929,0.01982800269,0.01982800277,5.004939103,5.004939084,5.004939103,False,0.198475892
0.2025877712,1,-0.4897745931,0.010120848,0.02038082114,0.02038082114,4.936132098,4.936132097,4.936132098,False,0.2012048508
0.2054117348,1,-0.4894885429,0.01040096635,0.02094894209,0.02094894208,4.86827104,4.868271041,4.86827104,False,0.2039702562
0.208275063,1,-0.4891945199,0.01068872174,0.02153278282,0.02153278278,4.801342924,4.801342933,4.801342924,False,0.2067725489
0.2111783044,1,-0.4888923033,0.01098431577,0.02213277165,0.02213277173,4.735334923,4.735334906,4.735334923,False,0.209612173
0.2141220155,1,-0.4885816667,0.01128795498,0.02274934814,0.02274934816,4.670234388,4.670234386,4.670234388,False,0.212489576
0.2171067603,1,-0.4882623773,0.01159985095,0.02338296346,0.02338296354,4.606028844,4.60602883,4.606028844,False,0.2154052083
0.2201331107,1,-0.487934196,0.01192022039,0.02403408059,0.02403408059,4.542705986,4.542705988,4.542705986,False,0.2183595236
0.2232016469,1,-0.4875968773,0.01224928525,0.02470317466,0.02470317467,4.48025368,4.480253677,4.48025368,False,0.2213529783
0.2263129568,1,-0.487250169,0.01258727285,0.02539073319,0.02539073318,4.418659956,4.418659958,4.418659956,False,0.2243860321
0.2294676367,1,-0.4868938119,0.01293441589,0.02609725646,0.02609725647,4.357913012,4.357913011,4.357913012,False,0.227459147
0.2326662911,1,-0.4865275402,0.01329095266,0.02682325773,0.02682325778,4.298001206,4.298001198,4.298001206,False,0.2305727882
0.2359095331,1,-0.4861510804,0.01365712707,0.02756926361,0.02756926354,4.238913057,4.238913069,4.238913057,False,0.233727423
0.239197984,1,-0.4857641519,0.01403318876,0.02833581435,0.02833581436,4.180637241,4.18063724,4.180637241,False,0.2369235215
0.2425322742,1,-0.4853664665,0.01441939321,0.02912346414,0.02912346417,4.123162591,4.123162587,4.123162591,False,0.2401615557
0.2459130425,1,-0.4849577282,0.01481600187,0.02993278148,0.0299327815,4.066478092,4.066478088,4.066478092,False,0.2434420002
0.249340937,1,-0.484537633,0.01522328218,0.03076434945,0.03076434948,4.010572881,4.010572877,4.010572881,False,0.2467653312
0.2528166144,1,-0.4841058689,0.01564150773,0.03161876611,0.03161876608,3.955436245,3.955436249,3.955436245,False,0.250132027
0.2563407409,1,-0.4836621152,0.01607095836,0.03249664478,0.03249664476,3.901057617,3.901057619,3.901057617,False,0.2535425673
0.2599139918,1,-0.4832060428,0.01651192021,0.03339861442,0.03339861443,3.847426577,3.847426576,3.847426577,False,0.2569974335
0.2635370519,1,-0.4827373138,0.01696468584,0.03432531996,0.03432531998,3.794532847,3.794532846,3.794532847,False,0.2604971082
0.2672106155,1,-0.4822555813,0.01742955433,0.03527742268,0.03527742265,3.742366291,3.742366294,3.742366291,False,0.2640420749
0.2709353866,1,-0.4817604889,0.01790683135,0.03625560053,0.03625560052,3.690916911,3.690916912,3.690916911,False,0.2676328182
0.2747120789,1,-0.4812516709,0.01839682925,0.03726054854,0.03726054848,3.640174847,3.640174854,3.640174847,False,0.2712698232
0.2785414163,1,-0.4807287518,0.01889986715,0.03829297915,0.03829297909,3.590130377,3.590130382,3.590130377,False,0.2749535753
0.2824241326,1,-0.4801913462,0.01941627101,0.03935362258,0.03935362258,3.540773909,3.540773909,3.540773909,False,0.2786845601
0.2863609719,1,-0.4796390583,0.01994637374,0.04044322725,0.04044322718,3.492095985,3.492095991,3.492095985,False,0.282463263
0.2903526885,1,-0.4790714819,0.0204905152,0.04156256012,0.04156256017,3.444087276,3.444087271,3.444087276,False,0.2862901689
0.2944000475,1,-0.4784882001,0.02104904236,0.04271240706,0.04271240703,3.396738582,3.396738585,3.396738582,False,0.290165762
0.2985038245,1,-0.4778887849,0.02162230928,0.04389357329,0.04389357333,3.35004083,3.350040827,3.35004083,False,0.2940905254
0.3026648059,1,-0.477272797,0.02221067722,0.04510688372,0.04510688373,3.30398507,3.303985069,3.30398507,False,0.2980649407
0.3068837892,1,-0.4766397857,0.02281451468,0.04635318336,0.04635318335,3.258562476,3.258562477,3.258562476,False,0.3020894879
0.3111615828,1,-0.4759892883,0.02343419741,0.04763333771,0.04763333777,3.213764344,3.21376434,3.213764344,False,0.3061646447
0.3154990065,1,-0.4753208301,0.02407010852,0.04894823316,0.04894823311,3.169582089,3.169582092,3.169582089,False,0.3102908862
0.3198968915,1,-0.4746339238,0.02472263842,0.05029877737,0.05029877745,3.126007243,3.126007238,3.126007243,False,0.3144686847
0.3243560807,1,-0.4739280695,0.02539218493,0.05168589968,0.05168589967,3.083031457,3.083031457,3.083031457,False,0.3186985091
0.3288774286,1,-0.4732027544,0.02607915322,0.0531105515,0.05311055154,3.040646493,3.040646491,3.040646493,False,0.3229808243
0.3334618016,1,-0.4724574522,0.02678395587,0.0545737067,0.05457370678,2.998844231,2.998844227,2.998844231,False,0.3273160911
0.3381100782,1,-0.471691623,0.02750701279,0.05607636204,0.05607636208,2.957616659,2.957616657,2.957616659,False,0.3317047651
0.3428231494,1,-0.470904713,0.0282487513,0.05761953748,0.05761953742,2.916955876,2.916955879,2.916955876,False,0.3361472969
0.3476019182,1,-0.470096154,0.029009606,0.05920427667,0.05920427662,2.87685409,2.876854093,2.87685409,False,0.340644131
0.3524473004,1,-0.4692653633,0.02979001877,0.06083164725,0.06083164719,2.837303617,2.837303619,2.837303617,False,0.3451957055
0.3573602246,1,-0.4684117433,0.03059043874,0.06250274129,0.06250274132,2.798296876,2.798296874,2.798296876,False,0.3498024513
0.3623416323,1,-0.4675346809,0.03141132214,0.06421867562,0.06421867568,2.759826392,2.75982639,2.759826392,False,0.3544647917
0.3673924782,1,-0.4666335476,0.03225313228,0.06598059223,0.06598059224,2.721884795,2.721884794,2.721884795,False,0.3591831415
0.3725137301,1,-0.4657076987,0.03311633939,0.06778965863,0.06778965875,2.684464811,2.684464806,2.684464811,False,0.3639579063
0.3777063695,1,-0.4647564733,0.03400142052,0.06964706818,0.06964706825,2.647559271,2.647559268,2.647559271,False,0.368789482
0.3829713914,1,-0.4637791938,0.03490885938,0.07155404044,0.07155404042,2.611161101,2.611161102,2.611161101,False,0.373678254
0.3883098049,1,-0.4627751655,0.03583914619,0.07351182151,0.07351182152,2.575263327,2.575263327,2.575263327,False,0.3786245961
0.393722633,1,-0.4617436763,0.03679277744,0.07552168436,0.07552168441,2.539859069,2.539859067,2.539859069,False,0.3836288698
0.399210913,1,-0.4606839961,0.03777025575,0.07758492909,0.07758492918,2.504941542,2.50494154,2.504941542,False,0.3886914239
0.4047756966,1,-0.4595953769,0.03877208954,0.07970288326,0.07970288324,2.470504055,2.470504056,2.470504055,False,0.3938125927
0.4104180503,1,-0.458477052,0.03979879282,0.08187690214,0.08187690212,2.436540009,2.43654001,2.436540009,False,0.3989926958
0.4161390553,1,-0.4573282356,0.04085088488,0.08410836895,0.08410836891,2.403042894,2.403042896,2.403042894,False,0.4042320367
0.4219398081,1,-0.4561481229,0.04192888994,0.08639869511,0.08639869514,2.370006292,2.370006291,2.370006292,False,0.4095309021
0.4278214202,1,-0.4549358891,0.04303333681,0.08874932045,0.08874932048,2.337423871,2.33742387,2.337423871,False,0.4148895603
0.4337850188,1,-0.4536906893,0.04416475846,0.09116171333,0.09116171332,2.305289387,2.305289387,2.305289387,False,0.4203082605
0.4398317467,1,-0.4524116581,0.04532369164,0.09363737088,0.09363737086,2.273596682,2.273596683,2.273596682,False,0.4257872316
0.4459627627,1,-0.4510979092,0.04651067633,0.09617781903,0.09617781904,2.242339683,2.242339683,2.242339683,False,0.4313266805
0.4521792417,1,-0.449748535,0.04772625531,0.09878461266,0.09878461266,2.2115124,2.2115124,2.2115124,False,0.4369267916
0.4584823751,1,-0.448362606,0.04897097351,0.1014593356,0.1014593357,2.181108924,2.181108923,2.181108924,False,0.4425877247
0.4648733708,1,-0.4469391709,0.05024537749,0.1042036007,0.1042036007,2.15112343,2.151123431,2.15112343,False,0.4483096139
0.4713534535,1,-0.4454772556,0.05155001472,0.1070190497,0.1070190497,2.121550171,2.121550172,2.121550171,False,0.4540925664
0.477923865,1,-0.4439758632,0.0528854329,0.1099073532,0.1099073532,2.09238348,2.092383481,2.09238348,False,0.4599366604
0.4845858645,1,-0.4424339733,0.05425217923,0.1128702106,0.1128702107,2.063617768,2.063617767,2.063617768,False,0.4658419442
0.4913407286,1,-0.4408505421,0.05565079954,0.1159093498,0.1159093497,2.035247521,2.035247523,2.035247521,False,0.4718084338
0.4981897519,1,-0.4392245013,0.05708183743,0.119026527,0.119026527,2.007267304,2.007267304,2.007267304,False,0.4778361118
0.5051342469,1,-0.4375547584,0.05854583336,0.1222235264,0.1222235264,1.979671753,1.979671753,1.979671753,False,0.4839249254
0.5121755443,1,-0.4358401959,0.0600433236,0.1255021598,0.1255021597,1.952455581,1.952455581,1.952455581,False,0.4900747845
0.5193149937,1,-0.434079671,0.06157483918,0.1288642661,0.1288642661,1.925613572,1.925613573,1.925613572,False,0.4962855597
0.526553963,1,-0.4322720153,0.06314090476,0.1323117112,0.1323117113,1.899140582,1.899140581,1.899140582,False,0.5025570804
0.5338938397,1,-0.4304160344,0.06474203735,0.1358463865,0.1358463866,1.873031539,1.873031537,1.873031539,False,0.5088891327
0.5413360303,1,-0.4285105074,0.06637874504,0.1394702093,0.1394702092,1.847281437,1.847281438,1.847281437,False,0.5152814572
0.548881961,1,-0.4265541869,0.06805152563,0.143185121,0.143185121,1.821885343,1.821885344,1.821885343,False,0.5217337468
0.5565330778,1,-0.4245457984,0.0697608651,0.1469930871,0.1469930871,1.796838391,1.79683839,1.796838391,False,0.528245644
0.5642908471,1,-0.4224840398,0.07150723608,0.1508960954,0.1508960954,1.772135779,1.772135779,1.772135779,False,0.534816739
0.5721567555,1,-0.4203675818,0.07329109618,0.1548961555,0.1548961556,1.747772774,1.747772773,1.747772774,False,0.5414465668
0.5801323104,1,-0.4181950667,0.07511288621,0.1589952973,0.1589952973,1.723744708,1.723744709,1.723744708,False,0.5481346047
0.5882190402,1,-0.4159651087,0.07697302834,0.1631955697,0.1631955698,1.700046975,1.700046974,1.700046975,False,0.5548802694
0.5964184946,1,-0.4136762937,0.07887192407,0.1674990391,0.167499039,1.676675035,1.676675035,1.676675035,False,0.5616829144
0.6047322449,1,-0.4113271785,0.0808099522,0.1719077876,0.1719077876,1.653624407,1.653624407,1.653624407,False,0.5685418268
0.6131618845,1,-0.4089162915,0.08278746658,0.1764239115,0.1764239115,1.630890676,1.630890676,1.630890676,False,0.5754562245
0.6217090286,1,-0.4064421314,0.0848047938,0.1810495191,0.1810495192,1.608469483,1.608469482,1.608469483,False,0.5824252529
0.6303753153,1,-0.4039031682,0.08686223073,0.1857867286,0.1857867287,1.586356534,1.586356533,1.586356534,False,0.5894479815
0.6391624053,1,-0.4012978421,0.08896004193,0.1906376659,0.1906376659,1.564547589,1.564547588,1.564547589,False,0.5965234008
0.6480719826,1,-0.3986245641,0.09109845693,0.1956044618,0.1956044617,1.543038469,1.543038469,1.543038469,False,0.6036504185
0.6571057546,1,-0.3958817155,0.09327766737,0.2006892496,0.2006892496,1.521825053,1.521825053,1.521825053,False,0.6108278559
0.6662654525,1,-0.3930676481,0.09549782399,0.2058941619,0.2058941619,1.500903276,1.500903276,1.500903276,False,0.6180544442
0.6755528315,1,-0.3901806845,0.09775903348,0.2112213277,0.2112213277,1.480269127,1.480269127,1.480269127,False,0.6253288206
0.6849696716,1,-0.3872191173,0.1000613552,0.2166728685,0.2166728684,1.459918652,1.459918653,1.459918652,False,0.6326495244
0.6945177774,1,-0.3841812104,0.1024047976,0.2222508949,0.2222508949,1.439847953,1.439847953,1.439847953,False,0.6400149922
0.7041989785,1,-0.3810651982,0.1047893147,0.2279575029,0.2279575028,1.420053182,1.420053182,1.420053182,False,0.6474235545
0.7140151304,1,-0.3778692863,0.1072148025,0.2337947689,0.2337947689,1.400530545,1.400530546,1.400530545,False,0.6548734305
0.7239681141,1,-0.3745916517,0.1096810945,0.239764746,0.2397647459,1.381276303,1.381276303,1.381276303,False,0.6623627237
0.734059837,1,-0.3712304434,0.1121879579,0.2458694583,0.2458694583,1.362286764,1.362286764,1.362286764,False,0.6698894175
0.744292233,1,-0.3677837821,0.1147350896,0.2521108964,0.2521108964,1.34355829,1.34355829,1.34355829,False,0.6774513697
0.7546672631,1,-0.3642497619,0.117322111,0.2584910111,0.2584910111,1.325087292,1.325087292,1.325087292,False,0.6850463079
0.7651869155,1,-0.3606264495,0.1199485639,0.2650117082,0.2650117081,1.30687023,1.30687023,1.30687023,False,0.692671824
0.7758532061,1,-0.356911886,0.1226139056,0.2716748414,0.2716748414,1.288903612,1.288903612,1.288903612,False,0.700325369
0.786668179,1,-0.3531040873,0.1253175036,0.278482206,0.2784822061,1.271183997,1.271183996,1.271183997,False,0.7080042473
0.7976339068,1,-0.3492010445,0.1280586305,0.2854355315,0.2854355315,1.253707987,1.253707987,1.253707987,False,0.7157056114
0.8087524909,1,-0.3452007255,0.1308364591,0.2925364739,0.2925364738,1.236472235,1.236472235,1.236472235,False,0.7234264554
0.820026062,1,-0.341101076,0.133650056,0.2997866077,0.2997866077,1.219473437,1.219473437,1.219473437,False,0.7311636095
0.8314567806,1,-0.3369000201,0.1364983764,0.307187417,0.3071874171,1.202708335,1.202708335,1.202708335,False,0.7389137336
0.8430468372,1,-0.3325954625,0.1393802584,0.3147402866,0.3147402866,1.186173716,1.186173716,1.186173716,False,0.746673311
0.8547984529,1,-0.328185289,0.1422944161,0.3224464919,0.3224464919,1.169866413,1.169866413,1.169866413,False,0.7544386419
0.8667138797,1,-0.323667369,0.1452394343,0.3303071888,0.3303071888,1.1537833,1.1537833,1.1537833,False,0.7622058364
0.8787954012,1,-0.3190395564,0.1482137614,0.3383234027,0.3383234027,1.137921294,1.137921294,1.137921294,False,0.7699708084
0.8910453325,1,-0.3142996922,0.1512157035,0.346496017,0.346496017,1.122277356,1.122277356,1.122277356,False,0.7777292677
0.9034660212,1,-0.3094456061,0.1542434168,0.3548257605,0.3548257605,1.106848489,1.106848489,1.106848489,False,0.7854767135
0.9160598475,1,-0.3044751188,0.157294902,0.3633131952,0.3633131952,1.091631734,1.091631734,1.091631734,False,0.7932084267
0.928829225,1,-0.2993860445,0.1603679964,0.3719587019,0.3719587019,1.076624177,1.076624177,1.076624177,False,0.8009194626
0.9417766007,1,-0.2941761934,0.1634603673,0.3807624661,0.3807624661,1.061822941,1.061822941,1.061822941,False,0.8086046432
0.9549044558,1,-0.2888433747,0.1665695049,0.389724463,0.389724463,1.04722519,1.04722519,1.04722519,False,0.8162585495
0.968215306,1,-0.2833853993,0.1696927154,0.3988444412,0.3988444412,1.032828126,1.032828126,1.032828126,False,0.8238755135
0.9817117023,1,-0.2778000836,0.1728271136,0.4081219061,0.4081219061,1.01862899,1.01862899,1.01862899,False,0.8314496101
0.995396231,1,-0.2720852522,0.1759696155,0.4175561019,0.4175561019,1.004625062,1.004625062,1.004625062,False,0.8389746492
1.009271515,1,-0.2662387424,0.179116932,0.4271459933,0.4271459934,0.9908136567,0.9908136566,0.9908136567,False,0.8464441672
1.023340212,1,-0.2602584077,0.1822655612,0.4368902459,0.4368902458,0.9771921284,0.9771921285,0.9771921284,False,0.8538514185
1.03760502,1,-0.2541421223,0.1854117817,0.4467872054,0.4467872054,0.9637578664,0.9637578663,0.9637578664,False,0.8611893675
1.052068671,1,-0.2478877856,0.1885516457,0.4568348762,0.4568348761,0.9505082962,0.9505082964,0.9505082962,False,0.8684506796
1.066733938,1,-0.2414933273,0.1916809729,0.467030899,0.467030899,0.9374408788,0.9374408789,0.9374408788,False,0.8756277128
1.08160363,1,-0.2349567122,0.1947953434,0.4773725271,0.4773725271,0.9245531098,0.9245531099,0.9245531098,False,0.882712509
1.096680598,1,-0.2282759461,0.1978900924,0.4878566014,0.4878566014,0.9118425196,0.9118425196,0.9118425196,False,0.8896967853
1.111967731,1,-0.2214490814,0.2009603043,0.4984795248,0.4984795248,0.8993066723,0.8993066723,0.8993066723,False,0.8965719254
1.127467958,1,-0.2144742236,0.2040008074,0.5092372352,0.5092372352,0.8869431656,0.8869431657,0.8869431656,False,0.9033289709
1.14318425,1,-0.2073495377,0.2070061692,0.5201251772,0.5201251771,0.8747496302,0.8747496302,0.8747496302,False,0.9099586127
1.159119619,1,-0.2000732555,0.2099706924,0.5311382725,0.5311382725,0.8627237292,0.8627237293,0.8627237292,False,0.9164511824
1.175277117,1,-0.1926436827,0.2128884115,0.5422708899,0.5422708899,0.8508631583,0.8508631583,0.8508631583,False,0.922796644
1.191659843,1,-0.1850592071,0.2157530899,0.5535168125,0.5535168124,0.8391656443,0.8391656444,0.8391656443,False,0.9289845852
1.208270935,1,-0.1773183068,0.2185582181,0.5648692054,0.5648692054,0.8276289456,0.8276289457,0.8276289456,False,0.9350042098
1.225113577,1,-0.1694195589,0.2212970131,0.5763205807,0.5763205807,0.8162508514,0.8162508514,0.8162508514,False,0.9408443294
1.242190995,1,-0.161361649,0.2239624182,0.587862762,0.587862762,0.8050291812,0.8050291813,0.8050291812,False,0.946493356
1.259506464,1,-0.1531433809,0.2265471049,0.5994868472,0.5994868473,0.7939617845,0.7939617845,0.7939617845,False,0.9519392941
1.277063301,1,-0.1447636866,0.229043475,0.6111831704,0.6111831703,0.7830465404,0.7830465406,0.7830465404,False,0.9571697343
1.294864871,1,-0.1362216377,0.2314436654,0.6229412618,0.6229412618,0.7722813571,0.7722813572,0.7722813571,False,0.9621718462
1.312914585,1,-0.1275164565,0.2337395533,0.6347498075,0.6347498075,0.7616641717,0.7616641717,0.7616641717,False,0.9669323727
1.331215903,1,-0.1186475278,0.2359227641,0.6465966064,0.6465966064,0.7511929493,0.7511929494,0.7511929493,False,0.9714376236
1.34977233,1,-0.1096144121,0.2379846807,0.6584685275,0.6584685274,0.7408656835,0.7408656835,0.7408656835,False,0.9756734713
1.368587425,1,-0.1004168578,0.2399164547,0.6703514647,0.6703514647,0.7306803951,0.730680395,0.7306803951,False,0.9796253461
1.387664791,1,-0.09105481616,0.2417090205,0.6822302912,0.6822302911,0.7206351321,0.7206351323,0.7206351321,False,0.9832782321
1.407008086,1,-0.08152845478,0.2433531111,0.6940888127,0.6940888127,0.7107279697,0.7107279697,0.7107279697,False,0.9866166653
1.426621015,1,-0.07183817328,0.2448392769,0.705909719,0.7059097189,0.7009570091,0.7009570092,0.7009570091,False,0.9896247306
1.446507339,1,-0.06198461888,0.246157907,0.717674535,0.7176745349,0.691320378,0.6913203781,0.691320378,False,0.9922860616
1.466670866,1,-0.05196870289,0.2472992539,0.7293635715,0.7293635715,0.6818162295,0.6818162295,0.6818162295,False,0.9945838404
1.487115463,1,-0.04179161791,0.2482534607,0.7409558736,0.7409558735,0.6724427423,0.6724427424,0.6724427423,False,0.9965007991
1.507845046,1,-0.03145485564,0.2490105921,0.7524291701,0.7524291701,0.6631981202,0.6631981202,0.6631981202,False,0.9980192224
1.528863588,1,-0.02096022552,0.2495606689,0.7637598214,0.7637598214,0.6540805915,0.6540805915,0.6540805915,False,0.9991209515
1.550175117,1,-0.01030987401,0.2498937065,0.7749227676,0.7749227676,0.6450884089,0.645088409,0.6450884089,False,0.9997873904
1.571783718,1,0.0004936954089,0.2499997563,0.7858914758,0.7858914758,0.6362198493,0.6362198493,0.6362198493,False,0.9999995125
1.59369353,1,0.01144760144,0.2498689524,0.7966378881,0.7966378881,0.627473213,0.627473213,0.627473213,False,0.9997378705
1.615908754,1,0.02254856352,0.2494915623,0.8071323698,0.8071323698,0.6188468239,0.6188468239,0.6188468239,False,0.998982607
1.638433646,1,0.03379287965,0.2488580413,0.8173436577,0.8173436577,0.6103390288,0.6103390288,0.6103390288,False,0.9977134685
1.661272522,1,0.04517640347,0.2479590926,0.8272388095,0.8272388095,0.6019481974,0.6019481974,0.6019481974,False,0.9959098204
1.68442976,1,0.05669452069,0.2467857313,0.8367831547,0.8367831547,0.5936727216,0.5936727216,0.5936727216,False,0.9935506657
1.707909797,1,0.06834212484,0.245329354,0.8459402465,0.8459402464,0.5855110156,0.5855110156,0.5855110156,False,0.9906146657
1.731717134,1,0.08011359233,0.2435818123,0.8546718158,0.8546718158,0.5774615152,0.5774615153,0.5774615152,False,0.9870801636
1.755856331,1,0.09200275696,0.2415354927,0.8629377277,0.8629377276,0.569522678,0.569522678,0.569522678,False,0.9829252112
1.780332016,1,0.1040028838,0.2391834002,0.8706959407,0.8706959407,0.5616929824,0.5616929824,0.5616929824,False,0.9781275994
1.805148879,1,0.1161066424,0.2365192476,0.877902469,0.877902469,0.5539709281,0.5539709281,0.5539709281,False,0.9726648911
1.830311676,1,0.1283060798,0.2335375499,0.8845113495,0.8845113495,0.5463550352,0.5463550352,0.5463550352,False,0.966514459
1.855825228,1,0.1405925932,0.2302337227,0.8904746122,0.8904746122,0.5388438443,0.5388438443,0.5388438443,False,0.9596535265
1.881694425,1,0.1529569012,0.2266041864,0.8957422569,0.8957422568,0.5314359158,0.5314359159,0.5314359158,False,0.9520592133
1.907924225,1,0.1653890164,0.2226464733,0.900262235,0.900262235,0.5241298302,0.5241298302,0.5241298302,False,0.9437085848
1.934519654,1,0.1778782166,0.21835934,0.9039804386,0.9039804386,0.5169241874,0.5169241874,0.5169241874,False,0.9345787073
1.961485809,1,0.1904130163,0.2137428832,0.9068406969,0.9068406969,0.5098176064,0.5098176064,0.5098176064,False,0.924646707
1.988827857,1,0.2029811381,0.2087986576,0.9087847809,0.9087847809,0.5028087255,0.5028087255,0.5028087255,False,0.9138898349
2.016551039,1,0.2155694843,0.2035297974,0.9097524181,0.909752418,0.4958962014,0.4958962014,0.4958962014,False,0.9022855367
2.044660667,1,0.2281641091,0.1979411393,0.9096813171,0.9096813171,0.4890787094,0.4890787094,0.4890787094,False,0.8898115291
2.073162127,1,0.2407501902,0.1920393459,0.9085072044,0.9085072044,0.4823549431,0.4823549431,0.4823549431,False,0.8764458818
2.102060883,1,0.2533120024,0.1858330294,0.9061638735,0.9061638736,0.4757236139,0.4757236139,0.4757236139,False,0.8621671054
2.131362472,1,0.265832891,0.179332874,0.9025832485,0.9025832485,0.4691834511,0.4691834511,0.4691834511,False,0.8469542468
2.161072509,1,0.2782952463,0.1725517559,0.8976954629,0.8976954629,0.4627332012,0.4627332012,0.4627332012,False,0.8307869905
2.191196688,1,0.2906804795,0.1655048588,0.8914289556,0.8914289556,0.4563716282,0.4563716282,0.4563716282,False,0.8136457677
2.221740781,1,0.3029690002,0.1582097849,0.8837105847,0.8837105846,0.450097513,0.450097513,0.450097513,False,0.7955118727
2.252710643,1,0.3151401954,0.1506866573,0.8744657621,0.8744657621,0.4439096531,0.4439096531,0.4439096531,False,0.7763675863
2.284112207,1,0.3271724102,0.142958214,0.863618609,0.8636186089,0.4378068629,0.437806863,0.4378068629,False,0.7561963079
2.315951493,1,0.3390429315,0.1350498906,0.8510921353,0.8510921352,0.4317879727,0.4317879728,0.4317879727,False,0.7349826954
2.348234601,1,0.3507279739,0.1269898884,0.8368084435,0.8368084435,0.4258518292,0.4258518292,0.4258518292,False,0.7127128127
2.380967717,1,0.3622026686,0.1188092268,0.8206889611,0.8206889611,0.4199972947,0.4199972947,0.4199972947,False,0.6893742868
2.414157116,1,0.3734410562,0.1105417776,0.8026546999,0.8026546999,0.4142232472,0.4142232473,0.4142232472,False,0.6649564725
2.447809157,1,0.3844160822,0.1022242758,0.7826265488,0.7826265488,0.4085285804,0.4085285804,0.4085285804,False,0.6394506259
2.481930289,1,0.3950995983,0.09389630745,0.7605255975,0.7605255974,0.4029122028,0.4029122028,0.4029122028,False,0.6128500875
2.516527051,1,0.4054623671,0.08560026891,0.7362734968,0.7362734968,0.3973730381,0.3973730381,0.3973730381,False,0.5851504726
2.551606074,1,0.4154740727,0.07738129489,0.7097928556,0.7097928558,0.3919100249,0.3919100249,0.3919100249,False,0.5563498715
2.587174079,1,0.4251033373,0.06928715261,0.681007678,0.681007678,0.3865221163,0.3865221163,0.3865221163,False,0.5264490578
2.623237882,1,0.4343177431,0.06136809802,0.6498438408,0.6498438407,0.3812082796,0.3812082796,0.3812082796,False,0.4954517051
2.659804396,1,0.4430838623,0.05367669094,0.616229616,0.6162296159,0.3759674966,0.3759674966,0.3759674966,False,0.4633646121
2.696880626,1,0.4513672941,0.04626756585,0.5800962384,0.5800962384,0.3707987629,0.3707987629,0.3707987629,False,0.4301979351
2.73447368,1,0.4591327095,0.0391971551,0.5413785209,0.5413785208,0.3657010881,0.3657010881,0.3657010881,False,0.3959654283
2.77259076,1,0.4663439059,0.03252336144,0.5000155197,0.5000155198,0.3606734952,0.3606734951,0.3606734952,False,0.3606846902
2.811239171,1,0.4729638705,0.02630517721,0.4559512509,0.4559512509,0.3557150207,0.3557150207,0.3557150207,False,0.3243774173
2.850426321,1,0.4789548542,0.02060224765,0.4091354596,0.4091354596,0.3508247144,0.3508247144,0.3508247144,False,0.2870696616
2.890159718,1,0.4842784566,0.0154743765,0.3595244441,0.3595244439,0.3460016392,0.3460016393,0.3460016392,False,0.248792094
2.930446977,1,0.4888957226,0.01098097239,0.3070819342,0.3070819342,0.3412448708,0.3412448709,0.3412448708,False,0.2095802699
2.971295819,1,0.4927672521,0.007180435236,0.2517800274,0.2517800274,0.3365534976,0.3365534975,0.3365534976,False,0.1694748977
3.012714071,1,0.4958533221,0.004129482977,0.1936001796,0.1936001796,0.3319266205,0.3319266205,0.3319266205,False,0.1285221067
3.054709671,1,0.4981140237,0.001882419423,0.1325342539,0.1325342538,0.3273633529,0.3273633531,0.3273633529,False,0.08677371544
3.097290667,1,0.4995094137,0.0004903455758,0.06858562404,0.06858562404,0.3228628203,0.3228628203,0.3228628203,False,0.04428749601
3.140465219,1,0.4999996822,3.17776774e-07,0.001770333403,0.001770333408,0.3184241602,0.3184241594,0.3184241602,False,0.001127433854
3.184241602,1,0.4995453357,0.0004544575467,-0.06788169403,-0.06788169407,0.3140465219,0.3140465218,0.3140465219,False,0.04263601983
3.228628203,1,0.4981073985,0.001889019568,-0.1403253921,-0.1403253922,0.3097290667,0.3097290665,0.3097290667,False,0.08692570547
3.273633529,1,0.4956476309,0.004333425988,-0.2154992445,-0.2154992443,0.3054709671,0.3054709673,0.3054709671,False,0.1316575252
3.319266205,1,0.4921287665,0.007809277134,-0.2933239345,-0.2933239345,0.3012714071,0.3012714071,0.3012714071,False,0.176740229
3.365534976,1,0.4875147682,0.01232935074,-0.3737009587,-0.3737009586,0.2971295819,0.2971295819,0.2971295819,False,0.2220752192
3.412448708,1,0.4817711033,0.01789660399,-0.45651121,-0.4565112099,0.2930446977,0.2930446977,0.2930446977,False,0.267556379
3.460016392,1,0.4748650389,0.02450319484,-0.5416135402,-0.5416135402,0.2890159718,0.2890159718,0.2890159718,False,0.3130699273
3.508247144,1,0.4667659568,0.03212954155,-0.6288433096,-0.6288433095,0.2850426321,0.2850426321,0.2850426321,False,0.3584943043
3.557150207,1,0.4574456892,0.04074344142,-0.718010936,-0.7180109359,0.2811239171,0.2811239172,0.2811239171,False,0.4037000938
3.606734952,1,0.4468788734,0.05029927247,-0.8089004559,-0.8089004557,0.277259076,0.277259076,0.277259076,False,0.4485499859
3.657010881,1,0.4350433274,0.06073730332,-0.9012681118,-0.9012681117,0.273447368,0.273447368,0.273447368,False,0.492898786
3.707987629,1,0.4219204435,0.07198313939,-0.9948409839,-0.9948409839,0.2696880626,0.2696880626,0.2696880626,False,0.5365934752
3.759674966,1,0.4074956017,0.08394733456,-1.089315683,-1.089315683,0.2659804396,0.2659804396,0.2659804396,False,0.5794733283
3.812082796,1,0.3917586001,0.09652519922,-1.184357127,-1.184357128,0.2623237882,0.2623237882,0.2623237882,False,0.6213700965
3.865221163,1,0.374704101,0.1095968367,-1.279597428,-1.279597427,0.2587174079,0.2587174079,0.2587174079,False,0.6621082591
3.919100249,1,0.3563320923,0.12302744,-1.374634902,-1.374634901,0.2551606074,0.2551606074,0.2551606074,False,0.7015053528
3.973730381,1,0.3366483614,0.1366678808,-1.469033254,-1.469033254,0.2516527051,0.2516527051,0.2516527051,False,0.7393723846
4.029122028,1,0.3156649785,0.1503556213,-1.562320947,-1.562320947,0.2481930289,0.2481930289,0.2481930289,False,0.775514336
4.085285804,1,0.2934007881,0.1639159775,-1.653990798,-1.653990798,0.2447809157,0.2447809157,0.2447809157,False,0.809730764
4.142232472,1,0.2698819031,0.1771637584,-1.743499838,-1.743499838,0.2414157116,0.2414157116,0.2414157116,False,0.8418165082
4.199972947,1,0.2451422001,0.1899053017,-1.830269479,-1.830269479,0.2380967717,0.2380967717,0.2380967717,False,0.8715625089
4.258518292,1,0.2192238087,0.2019409217,-1.913686019,-1.913686019,0.2348234601,0.2348234601,0.2348234601,False,0.8987567451
4.317879727,1,0.1921775924,0.213067773,-1.993101539,-1.993101538,0.2315951493,0.2315951493,0.2315951493,False,0.9231852967
4.378068629,1,0.1640636134,0.2230831308,-2.067835232,-2.067835232,0.2284112207,0.2284112207,0.2284112207,False,0.944633539
4.439096531,1,0.1349515759,0.2317880722,-2.137175224,-2.137175224,0.2252710643,0.2252710643,0.2252710643,False,0.9628874746
4.50097513,1,0.1049212404,0.2389915333,-2.200380923,-2.200380923,0.2221740781,0.2221740781,0.2221740781,False,0.9777352061
4.563716282,1,0.07406280192,0.2445147014,-2.256685952,-2.256685951,0.2191196688,0.2191196688,0.2191196688,False,0.9889685564
4.627332012,1,0.04247722275,0.2481956855,-2.305301725,-2.305301725,0.2161072509,0.2161072509,0.2161072509,False,0.9963848364
4.691834511,1,0.01027651124,0.2498943933,-2.345421714,-2.345421714,0.2131362472,0.2131362472,0.2131362472,False,0.9997887643
4.757236139,1,-0.02241606352,0.2494975201,-2.376226452,-2.376226451,0.2102060883,0.2102060883,0.2102060883,False,0.9989945347
4.823549431,1,-0.05546583181,0.2469235415,-2.39688933,-2.39688933,0.2073162127,0.2073162127,0.2073162127,False,0.9938280364
4.890787094,1,-0.08872666936,0.2421275781,-2.406583233,-2.406583233,0.2044660667,0.2044660667,0.2044660667,False,0.9841292154
4.958962014,1,-0.1220410413,0.2351059842,-2.404488052,-2.404488052,0.2016551039,0.2016551039,0.2016551039,False,0.9697545756
5.028087255,1,-0.1552401563,0.2259004939,-2.389799114,-2.389799114,0.1988827857,0.1988827857,0.1988827857,False,0.9505798102
5.098176064,1,-0.1881442443,0.2146017433,-2.36173656,-2.36173656,0.1961485809,0.1961485809,0.1961485809,False,0.926502549
5.169241874,1,-0.2205629702,0.2013519762,-2.319555679,-2.319555679,0.1934519654,0.1934519654,0.1934519654,False,0.8974452098
5.241298302,1,-0.2522959979,0.1863467294,-2.26255823,-2.26255823,0.1907924225,0.1907924225,0.1907924225,False,0.8633579314
5.314359158,1,-0.2831337171,0.1698352982,-2.190104719,-2.190104718,0.1881694425,0.1881694425,0.1881694425,False,0.8242215678
5.388438443,1,-0.3128581475,0.1521197796,-2.10162763,-2.10162763,0.1855825228,0.1855825228,0.1855825228,False,0.7800507152
5.463550352,1,-0.3412440315,0.133552511,-1.996645569,-1.996645569,0.1830311676,0.1830311676,0.1830311676,False,0.7308967396
5.539709281,1,-0.3680601299,0.1145317408,-1.874778243,-1.874778243,0.1805148879,0.1805148879,0.1805148879,False,0.6768507688
5.616929824,1,-0.3930707289,0.09549540205,-1.735762209,-1.735762209,0.1780332016,0.1780332017,0.1780332016,False,0.6180466068
5.69522678,1,-0.4160373713,0.07691290571,-1.579467273,-1.579467273,0.1755856331,0.1755856332,0.1755856331,False,0.5546635222
5.774615152,1,-0.4367208166,0.05927492837,-1.405913383,-1.405913383,0.1731717134,0.1731717134,0.1731717134,False,0.4869288588
5.855110156,1,-0.4548832393,0.04308123864,-1.215287863,-1.215287864,0.1707909797,0.1707909797,0.1707909797,False,0.4151204097
5.936727216,1,-0.4702906654,0.02882669002,-1.007962751,-1.007962751,0.168442976,0.168442976,0.168442976,False,0.339568491
6.019481974,1,-0.4827156492,0.01698560198,-0.7845119979,-0.7845119979,0.1661272522,0.1661272522,0.1661272522,False,0.2606576451
6.103390288,1,-0.4919401849,0.007994854504,-0.5457282357,-0.5457282357,0.1638433646,0.1638433646,0.1638433646,False,0.1788279006
6.188468239,1,-0.4977588455,0.002236131733,-0.2926387673,-0.2926387673,0.1615908754,0.1615908754,0.1615908754,False,0.09457550917
6.27473213,1,-0.4999821361,1.786362683e-05,-0.02652039628,-0.02652039632,0.159369353,0.1593693528,0.159369353,False,0.008453076796
6.362198493,1,-0.498440041,0.001557525565,0.2510873345,0.2510873345,0.1571783718,0.1571783718,0.1571783718,False,0.07893099682
6.450884089,1,-0.4929857412,0.00696505898,0.5383709747,0.5383709748,0.1550175117,0.1550175117,0.1550175117,False,0.1669138578
6.540805915,1,-0.4834994687,0.01622826377,0.8332345919,0.8332345919,0.1528863588,0.1528863588,0.1528863588,False,0.2547804056
6.631981202,1,-0.4698924584,0.02920107758,1.133294355,1.133294355,0.1507845046,0.1507845046,0.1507845046,False,0.3417664558
6.724427423,1,-0.4521109495,0.04559568932,1.435876883,1.435876883,0.1487115463,0.1487115463,0.1487115463,False,0.427062943
6.818162295,1,-0.4301401808,0.06497942485,1.738021987,1.738021987,0.1466670866,0.1466670866,0.1466670866,False,0.5098212426
6.91320378,1,-0.4040083126,0.08677728335,2.036490478,2.036490477,0.1446507339,0.1446507339,0.1446507339,False,0.5891596841
7.009570091,1,-0.3737902026,0.1102808844,2.327777698,2.327777698,0.1426621015,0.1426621015,0.1426621015,False,0.6641713165
7.107279697,1,-0.3396109507,0.1346644022,2.608133458,2.608133458,0.1407008086,0.1407008086,0.1407008086,False,0.7339329729
7.206351321,1,-0.3016491193,0.1590078088,2.873589032,2.873589032,0.1387664791,0.1387664791,0.1387664791,False,0.7975156646
7.306803951,1,-0.2601395282,0.1823274259,3.119991819,3.119991819,0.1368587425,0.1368587425,0.1368587425,False,0.8539963135
7.408656835,1,-0.2153755123,0.2036133887,3.343048251,3.343048251,0.134977233,0.134977233,0.134977233,False,0.9024708055
7.511929493,1,-0.1677105269,0.2218731792,3.538375393,3.538375393,0.1331215903,0.1331215903,0.1331215903,False,0.9420683185
7.616641717,1,-0.1175589746,0.2361798875,3.701561614,3.701561613,0.1312914585,0.1312914585,0.1312914585,False,0.9719668461
7.722813571,1,-0.06539613014,0.2457233462,3.828236516,3.828236516,0.1294864871,0.1294864871,0.1294864871,False,0.9914097965
7.830465404,1,-0.01175703113,0.2498617722,3.914150165,3.914150164,0.1277063301,0.1277063301,0.1277063301,False,0.9997235062
7.939617845,1,0.04276579003,0.2481710872,3.955261399,3.955261399,0.1259506464,0.1259506464,0.1259506464,False,0.99633546
8.050291812,1,0.09752585784,0.2404887071,3.947834763,3.947834763,0.1242190995,0.1242190996,0.1242190995,False,0.9807929589
8.162508514,1,0.1518277023,0.2269483488,3.888545285,3.888545285,0.1225113577,0.1225113577,0.1225113577,False,0.9527819243
8.276289456,1,0.2049333062,0.20800234,3.774589972,3.774589972,0.1208270935,0.1208270935,0.1208270935,False,0.9121454709
8.391656443,1,0.2560701335,0.1844280867,3.603804522,3.603804521,0.1191659843,0.1191659843,0.1191659843,False,0.8589018261
8.508631583,1,0.3044407993,0.1573157997,3.374783295,3.374783295,0.1175277117,0.1175277117,0.1175277117,False,0.7932611165
8.627237292,1,0.3492344086,0.1280353279,3.087000163,3.087000163,0.1159119619,0.1159119619,0.1159119619,False,0.7156404903
8.747496302,1,0.3896395587,0.09818101426,2.740927351,2.740927352,0.114318425,0.114318425,0.114318425,False,0.6266769958
8.869431656,1,0.4248589532,0.06949486991,2.3381489,2.338148899,0.1127467958,0.1127467958,0.1127467958,False,0.5272375932
8.993066723,1,0.4541255271,0.04377000565,1.881464884,1.881464884,0.1111967731,0.1111967731,0.1111967731,False,0.4184256477
9.118425196,1,0.476719927,0.02273811122,1.374982064,1.374982064,0.1096680598,0.1096680598,0.1096680598,False,0.3015832305
9.245531098,1,0.4919891238,0.007946702049,0.8241861814,0.8241861812,0.108160363,0.1081603631,0.108160363,False,0.1782885532
9.374408788,1,0.4993658707,0.0006337271945,0.2359907931,0.2359907931,0.1066733938,0.1066733938,0.1066733938,False,0.05034787759
9.505082962,1,0.4983886429,0.001608760607,-0.3812427762,-0.3812427762,0.1052068671,0.1052068671,0.1052068671,False,0.08021871618
9.637578664,1,0.4887216227,0.0111511755,-1.017719888,-1.017719888,0.103760502,0.103760502,0.103760502,False,0.2111982529
9.771921284,1,0.4701742134,0.02893620901,-1.662266974,-1.662266974,0.1023340212,0.1023340212,0.1023340212,False,0.3402129275
9.908136567,1,0.4427194943,0.05399944937,-2.302431136,-2.302431136,0.1009271515,0.1009271515,0.1009271515,False,0.464755632
10.04625062,1,0.4065109546,0.08474884376,-2.924629787,-2.924629787,0.0995396231,0.0995396231,0.0995396231,False,0.5822330934
10.1862899,1,0.3618967868,0.1190307157,-3.514354395,-3.514354394,0.09817117023,0.09817117023,0.09817117023,False,0.690016567
10.32828126,1,0.3094309656,0.1542524775,-4.056431347,-4.056431347,0.0968215306,0.09682153061,0.0968215306,False,0.7854997836
10.4722519,1,0.2498803114,0.18755983,-4.535341515,-4.535341515,0.09549044558,0.09549044558,0.09549044558,False,0.8661635642
10.61822941,1,0.1842267228,0.2160605146,-4.935598315,-4.935598315,0.09417766007,0.09417766007,0.09417766007,False,0.9296462007
10.76624177,1,0.1136637836,0.2370805443,-5.242181894,-5.242181894,0.0928829225,0.09288292251,0.0928829225,False,0.9738183492
10.91631734,1,0.03958699705,0.2484328697,-5.441024485,-5.441024485,0.09160598475,0.09160598476,0.09160598475,False,0.9968608121
11.06848489,1,-0.03642300843,0.2486733645,-5.519539065,-5.519539065,0.09034660212,0.09034660212,0.09034660212,False,0.9973431996
11.22277356,1,-0.1126248303,0.2373156476,-5.467180189,-5.467180189,0.08910453325,0.08910453325,0.08910453325,False,0.9743010779
11.37921294,1,-0.1871485468,0.2149754214,-5.276022378,-5.276022378,0.08787954012,0.08787954012,0.08787954012,False,0.9273088405
11.537833,1,-0.2580359963,0.1834174246,-4.941337799,-4.941337799,0.08667138797,0.08667138798,0.08667138797,False,0.856545211
11.69866413,1,-0.3232889254,0.1454842707,-4.462151312,-4.462151312,0.08547984529,0.08547984529,0.08547984529,False,0.7628480076
11.86173716,1,-0.3809245187,0.104896511,-3.841747508,-3.841747508,0.08430468372,0.08430468372,0.08430468372,False,0.6477546172
12.02708335,1,-0.4290374527,0.06592686421,-3.088101243,-3.088101243,0.08314567806,0.08314567806,0.08314567806,False,0.5135245436
12.19473437,1,-0.4658672028,0.0329677494,-2.214200757,-2.214200756,0.0820026062,0.08200260621,0.0820026062,False,0.3631404654
12.36472235,1,-0.4898688936,0.01002846708,-1.238230922,-1.238230922,0.08087524909,0.08087524909,0.08087524909,False,0.2002844685
12.53707987,1,-0.4997855285,0.0002144255292,-0.1835839196,-0.1835839196,0.07976339068,0.0797633907,0.07976339068,False,0.02928655181
12.71183997,1,-0.4947189894,0.005253121559,0.9213340931,0.9213340931,0.0786668179,0.0786668179,0.0786668179,False,0.1449568427
12.88903612,1,-0.4741967834,0.02513741062,2.043528555,2.043528555,0.07758532061,0.07758532061,0.07758532061,False,0.3170956362
13.0687023,1,-0.4382311544,0.05795345527,3.14609717,3.14609717,0.07651869155,0.07651869155,0.07651869155,False,0.4814704779
13.25087292,1,-0.3873669145,0.09994687356,4.189180716,4.189180716,0.07546672631,0.07546672632,0.07546672631,False,0.6322875092
13.4355829,1,-0.3227142092,0.1458555392,5.131188587,5.131188586,0.0744292233,0.07442922331,0.0744292233,False,0.7638207622
13.62286764,1,-0.2459624569,0.1895024698,5.930290584,5.930290584,0.0734059837,0.0734059837,0.0734059837,False,0.8706376279
13.81276303,1,-0.1593719234,0.22460059,6.546150828,6.546150828,0.07239681141,0.07239681141,0.07239681141,False,0.9478408939
14.00530545,1,-0.06573984837,0.2456782723,6.941861744,6.941861743,0.07140151304,0.07140151305,0.07140151304,False,0.9913188636
14.20053182,1,0.03166124055,0.2489975658,7.086016512,7.086016511,0.07041989785,0.07041989786,0.07041989785,False,0.9979931179
14.39847953,1,0.1291744008,0.2333139742,6.954837849,6.954837848,0.06945177774,0.06945177775,0.06945177774,False,0.966051705
14.59918652,1,0.2228784266,0.2003252069,6.534260694,6.534260694,0.06849696716,0.06849696717,0.06849696716,False,0.8951540805
14.80269127,1,0.3087358245,0.1546821907,5.821847678,5.821847677,0.06755528315,0.06755528316,0.06755528315,False,0.7865931367
15.00903276,1,0.3827653664,0.1034906743,4.828400806,4.828400806,0.06662654525,0.06662654525,0.06662654525,False,0.6433993295
15.21825053,1,0.4412340082,0.05531255001,3.579122557,3.579122556,0.06571057546,0.06571057546,0.06571057546,False,0.4703724057
15.43038469,1,0.4808608972,0.01877279757,2.114176553,2.114176553,0.06480719826,0.06480719826,0.06480719826,False,0.2740277181
15.64547589,1,0.4990241494,0.0009748983428,0.4885043593,0.4885043593,0.06391624053,0.06391624054,0.06391624053,False,0.06244672426
15.86356534,1,0.4939592023,0.0060043065,-1.229227389,-1.229227389,0.06303753153,0.06303753154,0.06303753153,False,0.1549749205
16.08469483,1,0.4649360013,0.03383451466,-2.95864461,-2.95864461,0.06217090286,0.06217090287,0.06217090286,False,0.3678832133
16.30890676,1,0.4124012573,0.07992520302,-4.610698497,-4.610698497,0.06131618845,0.06131618845,0.06131618845,False,0.5654209158
16.53624407,1,0.3380717058,0.1357075218,-6.091704576,-6.091704575,0.06047322449,0.0604732245,0.06047322449,False,0.7367700368
16.76675035,1,0.2449649109,0.1899921924,-7.308306874,-7.308306874,0.05964184946,0.05964184946,0.05964184946,False,0.8717618768
17.00046975,1,0.1373558446,0.2311333719,-8.173202317,-8.173202316,0.05882190402,0.05882190402,0.05882190402,False,0.9615266443
17.23744708,1,0.0206503818,0.2495735617,-8.611369696,-8.611369695,0.05801323104,0.05801323104,0.05801323104,False,0.9991467595
17.47772774,1,-0.09882897171,0.2402328344,-8.56645529,-8.566455289,0.05721567555,0.05721567556,0.05721567555,False,0.980271053
17.72135779,1,-0.2141443735,0.2041421873,-8.006881035,-8.006881035,0.05642908471,0.05642908471,0.05642908471,False,0.9036419364
17.96838391,1,-0.3181236951,0.1487973146,-6.931170222,-6.931170222,0.05565330778,0.05565330779,0.05565330778,False,0.7714850994
18.21885343,1,-0.4038067213,0.08694013187,-5.371940446,-5.371940445,0.0548881961,0.0548881961,0.0548881961,False,0.5897122413
18.47281437,1,-0.4649341645,0.03383622268,-3.39800492,-3.39800492,0.05413360303,0.05413360304,0.05413360303,False,0.3678924989
18.73031539,1,-0.4964496333,0.003537761605,-1.114062029,-1.114062029,0.05338938397,0.05338938398,0.05338938397,False,0.1189581709
18.99140582,1,-0.4949780805,0.004996699857,1.342451936,1.342451936,0.0526553963,0.05265539631,0.0526553963,False,0.1413746775
19.25613572,1,-0.4592393899,0.03909918279,3.807614556,3.807614556,0.05193149937,0.05193149937,0.05193149937,False,0.3954702658
19.52455581,1,-0.3903535104,0.09762413695,6.100420419,6.100420419,0.05121755443,0.05121755444,0.05121755443,False,0.6248972298
19.79671753,1,-0.2919947676,0.1647390557,8.035103448,8.035103447,0.05051342469,0.05051342469,0.05051342469,False,0.8117611857
20.07267304,1,-0.1703584009,0.2209780153,9.43582211,9.435822109,0.04981897519,0.0498189752,0.04981897519,False,0.9401659753
20.35247521,1,-0.03391246347,0.2488499448,10.15280416,10.15280415,0.04913407286,0.04913407287,0.04913407286,False,0.9976972383
20.63617768,1,0.1070768907,0.2385345395,10.07870874,10.07870874,0.04845858645,0.04845858645,0.04845858645,False,0.976799958
20.9238348,1,0.2412394276,0.1918035386,9.163673145,9.163673144,0.0477923865,0.0477923865,0.0477923865,False,0.8759076174
21.21550171,1,0.3569841326,0.1225623291,7.42731442,7.427314419,0.04713534535,0.04713534535,0.04713534535,False,0.7001780604
21.5112343,1,0.4435172532,0.05329244615,4.965902154,4.965902154,0.04648733708,0.04648733708,0.04648733708,False,0.4617031347
21.81108924,1,0.4919165343,0.008018123254,1.953051605,1.953051605,0.04584823751,0.04584823752,0.04584823751,False,0.1790879477
22.115124,1,0.4961624427,0.003822830456,-1.367356934,-1.367356934,0.04521792417,0.04521792418,0.04521792417,False,0.1236580843
22.42339683,1,0.4540131102,0.04387209573,-4.696729984,-4.696729983,0.04459627627,0.04459627627,0.04459627627,False,0.4189133358
22.73596682,1,0.3676055564,0.1148661549,-7.705653364,-7.705653363,0.04398317467,0.04398317467,0.04398317467,False,0.6778381957
23.05289387,1,0.24367441,0.1906227819,-10.06497852,-10.06497852,0.04337850188,0.04337850188,0.04337850188,False,0.8732073795
23.37423871,1,0.09330293596,0.2412945621,-11.48183343,-11.48183343,0.04278214202,0.04278214202,0.04278214202,False,0.9824348572
23.70006292,1,-0.06883965006,0.2452611026,-11.73718195,-11.73718195,0.04219398081,0.04219398081,0.04219398081,False,0.9904768601
24.03042894,1,-0.2257670928,0.1990292198,-10.72062101,-10.72062101,0.04161390553,0.04161390554,0.04161390553,False,0.89225382
24.36540009,1,-0.3598795288,0.1204867247,-8.457522201,-8.4575222,0.04104180503,0.04104180503,0.04104180503,False,0.6942239544
24.70504055,1,-0.4549609339,0.04301054861,-5.123574579,-5.123574578,0.04047756966,0.04047756967,0.04047756966,False,0.4147796938
25.04941542,1,-0.4982652066,0.00173178392,-1.042424108,-1.042424108,0.0399210913,0.0399210913,0.0399210913,False,0.08322941596
25.39859069,1,-0.4824348358,0.01725662925,3.336472914,3.336472914,0.0393722633,0.0393722633,0.0393722633,False,0.2627289802
25.75263327,1,-0.4069705905,0.08437493844,7.480461254,7.480461253,0.03883098049,0.0388309805,0.03883098049,False,0.58094729
26.11161101,1,-0.2789804176,0.1721699266,10.83458583,10.83458583,0.03829713914,0.03829713915,0.03829713914,False,0.8298672824
26.47559271,1,-0.1129880064,0.2372337104,12.89537251,12.89537251,0.03777063695,0.03777063695,0.03777063695,False,0.9741328665
26.84464811,1,0.0703213584,0.2450549066,13.28891173,13.28891173,0.03725137301,0.03725137301,0.03725137301,False,0.9900604154
27.21884795,1,0.2464024778,0.1892858189,11.84210149,11.84210148,0.03673924782,0.03673924782,0.03673924782,False,0.8701398024
27.59826392,1,0.3900189454,0.09788522226,8.634562336,8.634562335,0.03623416323,0.03623416324,0.03623416323,False,0.6257322822
27.98296876,1,0.478926311,0.02062958863,4.019194945,4.019194944,0.03573602246,0.03573602247,0.03573602246,False,0.2872600816
28.37303617,1,0.4975664415,0.002427636318,-1.397969269,-1.397969269,0.03524473004,0.03524473004,0.03524473004,False,0.09854209898
28.7685409,1,0.440172562,0.0562481157,-6.822944283,-6.822944282,0.03476019182,0.03476019182,0.03476019182,False,0.474333704
29.16955876,1,0.3126716744,0.152236424,-11.3812286,-11.3812286,0.03428231494,0.03428231494,0.03428231494,False,0.7803497268
29.57616659,1,0.13286623,0.2323465649,-14.25640459,-14.25640458,0.03381100782,0.03381100783,0.03381100782,False,0.9640468141
29.98844231,1,-0.07141102041,0.2449004662,-14.84050617,-14.84050616,0.03334618016,0.03334618016,0.03334618016,False,0.9897483845
30.40646493,1,-0.2661582887,0.1791597653,-12.87022604,-12.87022603,0.03288774286,0.03288774286,0.03288774286,False,0.8465453687
30.83031457,1,-0.4166870001,0.07637194394,-8.520103656,-8.520103655,0.03243560807,0.03243560808,0.03243560807,False,0.5527094859
31.26007243,1,-0.4939396568,0.006023615456,-2.426155314,-2.426155314,0.03198968915,0.03198968916,0.03198968915,False,0.1552239087
31.69582089,1,-0.4805423148,0.01907908371,4.37805044,4.378050439,0.03154990065,0.03154990066,0.03154990065,False,0.2762541128
32.13764344,1,-0.3753362604,0.1091226917,10.61626041,10.61626041,0.03111615828,0.03111615828,0.03111615828,False,0.6606744786
32.58562476,1,-0.1952147627,0.2118911964,14.99969778,14.99969777,0.03068837892,0.03068837892,0.03068837892,False,0.920632818
33.0398507,1,0.02655142337,0.2492950219,16.49661653,16.49661653,0.03026648059,0.0302664806,0.03026648059,False,0.9985890484
33.5004083,1,0.2456951843,0.1896338764,14.5884134,14.58841339,0.02985038245,0.02985038246,0.02985038245,False,0.8709394385
33.96738582,1,0.4154332358,0.07741522658,9.450946808,9.450946805,0.02944000475,0.02944000476,0.02944000475,False,0.5564718378
34.44087276,1,0.4966022578,0.003386197535,2.004150322,2.004150322,0.02903526885,0.02903526885,0.02903526885,False,0.1163820869
34.92095985,1,0.4673396156,0.03159368372,-6.207065173,-6.207065172,0.02863609719,0.02863609719,0.02863609719,False,0.355492243
35.40773909,1,0.3299089616,0.141160077,-13.30313933,-13.30313933,0.02824241326,0.02824241327,0.02824241326,False,0.7514255174
35.90130377,1,0.1125334738,0.2373362173,-17.49009742,-17.49009742,0.02785414163,0.02785414164,0.02785414163,False,0.9743433014
36.40174847,1,-0.1350192218,0.2317698097,-17.52470341,-17.5247034,0.02747120789,0.0274712079,0.02747120789,False,0.9628495412
36.90916911,1,-0.3519429959,0.1261361276,-13.1085307,-13.1085307,0.02709353866,0.02709353867,0.02709353866,False,0.7103129666
37.42366291,1,-0.4811515967,0.01849314095,-5.089224772,-5.089224771,0.02672106155,0.02672106156,0.02672106155,False,0.2719789768
37.94532847,1,-0.484920753,0.01485186335,4.624329685,4.624329684,0.02635370519,0.0263537052,0.02635370519,False,0.2437364425
38.47426577,1,-0.3571566593,0.1224391207,13.46264648,13.46264648,0.02599139918,0.02599139919,0.02599139918,False,0.6998260375
39.01057617,1,-0.1282174721,0.2335602799,18.85306037,18.85306037,0.02563407409,0.0256340741,0.02563407409,False,0.9665614928
39.55436245,1,0.1403168502,0.2303111815,18.98243408,18.98243408,0.02528166144,0.02528166145,0.02528166144,False,0.9598149437
40.10572881,1,0.3709235282,0.1124157362,13.44683164,13.44683164,0.0249340937,0.02493409371,0.0249340937,False,0.6705691201
40.66478092,1,0.4922826582,0.00765778446,3.558524875,3.558524874,0.02459130425,0.02459130426,0.02459130425,False,0.1750175358
41.23162591,1,0.4622791782,0.03629796136,-7.855459211,-7.855459209,0.02425322742,0.02425322742,0.02425322742,False,0.3810404774
41.80637241,1,0.2844338441,0.1690973883,-17.19138772,-17.19138771,0.0239197984,0.02391979841,0.0239197984,False,0.8224290567
42.38913057,1,0.01118419217,0.2498749138,-21.18926233,-21.18926232,0.02359095331,0.02359095331,0.02359095331,False,0.9997497964
42.98001206,1,-0.2691890319,0.1775372651,-18.10970166,-18.10970165,0.02326662911,0.02326662912,0.02326662911,False,0.8427034237
43.57913012,1,-0.4599115394,0.03848137593,-8.548774339,-8.548774336,0.02294676367,0.02294676368,0.02294676367,False,0.3923334089
44.18659956,1,-0.489601376,0.01029049263,4.482379923,4.482379921,0.02263129568,0.02263129569,0.02263129568,False,0.2028841308
44.8025368,1,-0.341022985,0.1337033237,16.38225595,16.38225594,0.02232016469,0.0223201647,0.02232016469,False,0.7313093017
45.42705986,1,-0.06285010766,0.246049864,22.53337239,22.53337238,0.02201331107,0.02201331108,0.02201331107,False,0.9920682718
46.06028844,1,0.2428636253,0.1910172595,20.13088919,20.13088918,0.02171067603,0.02171067603,0.02171067603,False,0.8741104267
46.70234388,1,0.4562287421,0.04185533488,9.554634709,9.554634706,0.02141220155,0.02141220156,0.02141220155,False,0.4091715282
47.35334923,1,0.4868947458,0.01293350651,-5.38528689,-5.385286887,0.02111783044,0.02111783045,0.02111783044,False,0.2274511509
48.01342924,1,0.3148849268,0.1508474829,-18.64797848,-18.64797847,0.0208275063,0.02082750631,0.0208275063,False,0.7767817785
48.6827104,1,0.005987721582,0.2499641472,-24.33960973,-24.33960972,0.02054117348,0.02054117349,0.02054117348,False,0.9999282918
49.36132098,1,-0.3091723999,0.1544124271,-19.39670221,-19.3967022,0.02025877712,0.02025877713,0.02025877712,False,0.7859069338
50.04939103,1,-0.4883714792,0.01149329826,-5.365635124,-5.365635121,0.01998026309,0.0199802631,0.01998026309,False,0.2144136028
50.74705239,1,-0.4431344328,0.05363187449,11.75228486,11.75228486,0.01970557802,0.01970557802,0.01970557802,False,0.4631711325
51.45443878,1,-0.1863142919,0.2152869846,23.87435972,23.87435971,0.01943466927,0.01943466927,0.01943466927,False,0.9279805701
52.17168576,1,0.1645767453,0.2229144949,24.63224663,24.63224662,0.01916748492,0.01916748493,0.01916748492,False,0.9442764318
52.89893076,1,0.4368244453,0.05918440399,12.86916986,12.86916985,0.01890397378,0.01890397379,0.01890397378,False,0.486556899
53.63631317,1,0.4869199092,0.01290900204,-6.094039326,-6.094039323,0.01864408534,0.01864408535,0.01864408534,False,0.2272355785
54.38397428,1,0.2797975464,0.171713333,-22.53579851,-22.53579849,0.0183877698,0.01838776981,0.0183877698,False,0.8287661504
55.14205739,1,-0.08172464366,0.2433210826,-27.20024626,-27.20024625,0.01813497804,0.01813497805,0.01813497804,False,0.9865517374
55.91070777,1,-0.4016561842,0.08867230966,-16.64903247,-16.64903246,0.01788566162,0.01788566163,0.01788566162,False,0.5955579221
56.69007271,1,-0.4950094841,0.004965610626,3.994784397,3.994784395,0.01763977275,0.01763977276,0.01763977275,False,0.1409341779
57.48030158,1,-0.2982617425,0.161039933,23.06671919,23.06671918,0.01739726432,0.01739726433,0.01739726432,False,0.8025956217
58.28154581,1,0.08068649579,0.2434896894,28.75883903,28.75883901,0.01715808986,0.01715808987,0.01715808986,False,0.9868934885
59.09395895,1,0.4137091576,0.07884473289,16.59317255,16.59317254,0.01692220352,0.01692220353,0.01692220352,False,0.5615860856
59.91769669,1,0.4871238331,0.01271037119,-6.755138024,-6.75513802,0.0166895601,0.01668956011,0.0166895601,False,0.2254805641
60.75291689,1,0.2432764859,0.1908165514,-26.53842566,-26.53842564,0.01646011502,0.01646011503,0.01646011502,False,0.8736510778
61.5997796,1,-0.1661413948,0.2223970369,-29.04983411,-29.04983409,0.01623382432,0.01623382433,0.01623382432,False,0.9431798067
62.45844712,1,-0.4655451486,0.03326771465,-11.39207056,-11.39207055,0.01601064461,0.01601064462,0.01601064461,False,0.3647887863
63.329084,1,-0.4394533786,0.05688072803,15.10378447,15.10378446,0.01579053314,0.01579053316,0.01579053314,False,0.4769936185
64.21185709,1,-0.09481844269,0.2410094629,31.52334376,31.52334373,0.01557344773,0.01557344774,0.01557344773,False,0.9818542925
65.10693555,1,0.3237449964,0.1451891773,24.80814986,24.80814984,0.01535934677,0.01535934678,0.01535934677,False,0.7620739526
66.01449093,1,0.499578882,0.0004209406839,-1.354408684,-1.354408683,0.01514818922,0.01514818923,0.01514818922,False,0.04103367807
66.93469713,1,0.2862471988,0.1680625412,-27.44016798,-27.44016796,0.01493993464,0.01493993465,0.01493993464,False,0.819908632
67.86773051,1,-0.1589380025,0.2247387114,-32.17379348,-32.17379346,0.0147345431,0.01473454311,0.0147345431,False,0.9481322932
68.81376986,1,-0.4774804244,0.0220124443,-10.20961783,-10.20961782,0.01453197524,0.01453197525,0.01453197524,False,0.2967318271
69.7729965,1,-0.3956212481,0.09348382804,21.33318103,21.33318101,0.01433219226,0.01433219227,0.01433219226,False,0.6115025038
70.74559423,1,0.02986197995,0.2491082622,35.30965423,35.3096542,0.01413515585,0.01413515586,0.01413515585,False,0.9982149311
71.73174944,1,0.4326916426,0.06277794241,17.97276772,17.9727677,0.01394082826,0.01394082828,0.01394082826,False,0.5011105363
72.73165113,1,0.4446417651,0.05229370077,-16.63214014,-16.63214013,0.01374917226,0.01374917227,0.01374917226,False,0.4573563196
73.7454909,1,0.04092240317,0.2483253569,-36.74904057,-36.74904053,0.01356015111,0.01356015112,0.01356015111,False,0.9966450861
74.77346305,1,-0.4055515742,0.08552792065,-21.86761664,-21.86761662,0.01337372858,0.0133737286,0.01337372858,False,0.5849031395
75.81576458,1,-0.4570444533,0.04111036768,15.37217074,15.37217072,0.01318986896,0.01318986897,0.01318986896,False,0.4055138354
76.87259522,1,-0.04813772181,0.2476827597,38.25775064,38.2577506,0.01300853701,0.01300853702,0.01300853701,False,0.9953547302
77.9441575,1,0.413889518,0.07869546691,21.86545028,21.86545026,0.01282969798,0.01282969799,0.01282969798,False,0.5610542466
79.03065679,1,0.440968505,0.05554677758,-18.62623277,-18.62623275,0.01265331759,0.01265331761,0.01265331759,False,0.4713672775
80.13230128,1,-0.01084345855,0.2498824194,-40.05672753,-40.05672749,0.01247936205,0.01247936207,0.01247936205,False,0.9997648112
81.24930211,1,-0.4540427166,0.04384521153,-17.01299303,-17.01299301,0.01230779803,0.01230779804,0.01230779803,False,0.4187849641
82.38187331,1,-0.3822714906,0.1038685074,26.55055531,26.55055528,0.01213859263,0.01213859264,0.01213859263,False,0.6445727498
83.53023195,1,0.1372292969,0.2311681201,40.16129036,40.16129031,0.01197171343,0.01197171345,0.01197171343,False,0.9615989186
84.69459808,1,0.4958837914,0.004099265468,5.422614531,5.422614524,0.01180712847,0.01180712848,0.01180712847,False,0.1280510128
85.87519485,1,0.2478337094,0.1885784525,-37.29183631,-37.29183626,0.01164480618,0.0116448062,0.01164480618,False,0.8685124121
87.07224849,1,-0.3137937176,0.1515335028,-33.89487922,-33.89487917,0.01148471548,0.01148471549,0.01148471548,False,0.778546088
88.28598841,1,-0.474397977,0.02494655942,13.94431266,13.94431265,0.01132682567,0.01132682569,0.01132682567,False,0.3158895973
89.51664721,1,-0.009371158035,0.2499121814,44.75046169,44.75046163,0.01117110651,0.01117110652,0.01117110651,False,0.9998243474
90.76446073,1,0.4710887937,0.02807534848,15.20822081,15.20822079,0.01101752814,0.01101752815,0.01101752814,False,0.3351140014
92.02966809,1,0.301523448,0.1590836103,-36.70629706,-36.706297,0.01086606114,0.01086606115,0.01086606114,False,0.797705736
93.31251175,1,-0.2968014438,0.1619089029,-37.54700019,-37.54700013,0.01071667648,0.0107166765,0.01071667648,False,0.8047581076
94.61323756,1,-0.4669800989,0.03192958721,16.9062994,16.90629937,0.01056934554,0.01056934555,0.01056934554,False,0.3573770401
95.93209478,1,0.05663759565,0.2467921828,47.65732123,47.65732115,0.01042404007,0.01042404009,0.01042404007,False,0.9935636522
97.26933615,1,0.4964021564,0.003584899144,5.823906887,5.823906878,0.01028073224,0.01028073225,0.01028073224,False,0.1197480546
98.62521795,1,0.1643612764,0.2229853708,-46.57213651,-46.57213643,0.01013939458,0.01013939459,0.01013939458,False,0.9444265367
100,1,-0.4311594361,0.06410154062,-25.31828206,-25.31828201,0.01,0.01000000002,0.01,False,0.5063656411
